<addressConfiguration>
    <addressComponents>
		<addressComponent>
            <field>LANDMARK</field>
            <nameMapping>Location.neighborhood</nameMapping>
            <sizeMapping>40</sizeMapping>
			<elementDefault>addresshierarchy.healthFacility</elementDefault>
            <requiredInHierarchy>true</requiredInHierarchy>
        </addressComponent>
        <addressComponent>
            <field>VILLAGE</field>
            <nameMapping>Location.cityVillage</nameMapping>
            <sizeMapping>40</sizeMapping>
            <requiredInHierarchy>true</requiredInHierarchy>
        </addressComponent>
	</addressComponents>
    <lineByLineFormat>
        <string>VILLAGE</string>
        <string>LANDMARK</string>
    </lineByLineFormat>
    <addressHierarchyFile>
        <filename>addresshierarchy.csv</filename>
        <entryDelimiter>,</entryDelimiter>
        <identifierDelimiter>^</identifierDelimiter>
    </addressHierarchyFile>
</addressConfiguration>