{
  "name": "SOAP Note Template",
  "description": "SOAP Note Form Template",
  "version": "1",
  "published": true,
  "retired": false,
  "encounter": "Visit Note",
  "pages": [
    {
      "label": "SOAP",
      "sections": [
        {
          "label": "SOAP Note",
          "isExpanded": "true",
          "questions": [
            {
              "label": "Subjective Findings",
              "type": "obs",
              "required": false,
              "id": "SOAPSubjectiveFindings",
              "questionOptions": {
                "rendering": "textarea",
                "concept": "81a60a0dbc0c478caa714d372ac533d5",
                "conceptMappings": [],
                "answers": []
              }
            },
            {
              "label": "Objective Findings",
              "type": "obs",
              "required": false,
              "id": "SOAPObjectiveFindings",
              "questionOptions": {
                "rendering": "textarea",
                "concept": "aeec913c-9a36-4153-9a44-12bc255d7f60",
                "conceptMappings": [],
                "answers": []
              }
            },
            {
              "label": "Assessment",
              "type": "obs",
              "required": false,
              "id": "SOAPAssessment",
              "questionOptions": {
                "rendering": "textarea",
                "concept": "13f82aece2cd4e3bbb950140e6cbffce",
                "conceptMappings": [],
                "answers": []
              }
            },
            {
              "label": "Plan",
              "type": "obs",
              "required": false,
              "id": "SOAPPlan",
              "questionOptions": {
                "rendering": "textarea",
                "concept": "2ad20b043cf54dd48e698e1c8e231c99",
                "conceptMappings": [],
                "answers": []
              }
            }
          ]
        }
      ]
    }
  ],
  "processor": "EncounterFormProcessor",
  "encounterType": "",
  "referencedForms": [],
  "uuid": ""
}

