<config>
    <globalProperties>
        <globalProperty>
            <property>concept.true</property>
            <value>1</value>
        </globalProperty>
        <globalProperty>
            <property>concept.false</property>
            <value>2</value>
        </globalProperty>
        <globalProperty>
            <property>visits.assignmentHandler</property>
            <value>org.openmrs.api.handler.ExistingVisitAssignmentHandler</value>
        </globalProperty>
    </globalProperties>
</config>