Uuid,Void/Retire,Name,Description,Concept Drug,Concept Dosage Form,�,_version:1,_order:201
9062c6d9-a650-44d2-8929-da84f617c427,,1a = AZT/3TC+EFV,,1a = AZT/3TC+EFV,ART Regimen,,,
c22e6700-a937-4909-b4ad-e82ff51325ac,,1b = AZT/3TC/NVP,,1b = AZT/3TC/NVP,ART Regimen,,,
a00d9620-e88b-4c2f-9293-b1ac9e5943f2,,1c = TDF/3TC/DTG,,1c = TDF/3TC/DTG,ART Regimen,,,
5d500ca2-350a-49ee-a3d4-f340db32ff31,,1d=ABC/3TC (600/300)/DTG,,1d = ABC/3TC (600/300) /DTG,ART Regimen,,,
3fd242a8-7ade-463c-8919-d82573ea8526,,1e = AZT/3TC +DTG,,1e = AZT/3TC +DTG,ART Regimen,,,
91f5d0d6-eb81-484f-9376-4bfb926a5a81,,1f = TDF/3TC+EFV,,1f = TDF/3TC+EFV,ART Regimen,,,
0dd3e78f-e1fc-47de-95bc-1f489d0dfcc5,,1g = TDF/3TC+NVP,,1g = TDF/3TC+NVP,ART Regimen,,,
4a86fbee-07a9-422a-bf69-16256c0c2b8b,,1h = TDF/FTC/EFV,,1h = TDF/FTC/EFV,ART Regimen,,,
03224cae-f115-4814-bd53-c99c72288446,,1J = TDF/FTC+NVP,,1J = TDF/FTC+NVP,ART Regimen,,,
bd97cacd-4a91-4901-8803-3a4a2e5f1ca8,,2a=AZT/3TC+DTG,,2a=AZT/3TC+DTG,ART Regimen,,,
ad6ff4ef-769e-4aec-b8bb-7f033fe6aaaa,,2b=ABC/3TC+DTG,,2b=ABC/3TC+DTG,ART Regimen,,,
47167ec1-4957-4d0a-a58c-3894bdeb93ff,,2c=TDF+3TC+LPV/r,,2c=TDF+3TC+LPV/r,ART Regimen,,,
e649a0ec-e193-4af0-bb49-02687107a893,,2d=TDF/3TC+ATV/r,,2d=TDF/3TC+ATV/r,ART Regimen,,,
accca537-b8ee-41ec-b902-7de814d099b2,,2e=TDF/FTC-LPV/r,,2e=TDF/FTC-LPV/r,ART Regimen,,,
77f201fc-aefc-4068-baa7-cb3284782a38,,2f=TDF/FTC-ATV/r,,2f=TDF/FTC-ATV/r,ART Regimen,,,
cb0f9fcd-fb52-493f-95aa-d0197387fbdb,,2g=AZT/3TC+LPV/r,,2g=AZT/3TC+LPV/r,ART Regimen,,,
28790bde-81db-4490-806b-ac10c17b41dc,,2h=AZT/3TC+ATV/r,,2h=AZT/3TC+ATV/r,ART Regimen,,,
aae69cae-2806-4e8b-a916-f22ed733a19b,,2i=ABC/3TC+LPV/r,,2i=ABC/3TC+LPV/r,ART Regimen,,,
64336206-c9bc-4d37-accf-c7abac7a37f6,,2j=ABC/3TC+ATV/r,,2j=ABC/3TC+ATV/r,ART Regimen,,,
25f0cca5-902d-4e36-9e4f-5ce5da744a75,,2k=TDF/3TC/DTG,,2k=TDF/3TC/DTG,ART Regimen,,,
c224b116-27ec-4156-93ba-d4838a3ac1c0,,4a = AZT/3TC+NVP,,4a = AZT/3TC+NVP,ART Regimen,,,
5efe8d99-c65e-4136-8820-5f3646437ff7,,4b = AZT/3TC +EFV,,4b = AZT/3TC +EFV,ART Regimen,,,
f8f64be8-ccb4-404d-b99e-3c4975155da5,,4c = TDF/3TC (120/60) + LPV/r,,4c = TDF/3TC (120/60) + LPV/r,ART Regimen,,,
28c5d192-ba71-4ef5-8604-ecf6bd177126,,4d = ABC/3TC (120/60) +DTG,,4d = ABC/3TC (120/60) +DTG,ART Regimen,,,
0372f3fb-5e8a-474f-8250-01af7a485778,,4f = ABC/3TC +NVP,,4f = ABC/3TC +NVP,ART Regimen,,,
ce2412c4-a041-4328-bfaa-35e041ca4802,,4g = TDF/3TC (120/60) + EFV (200mg),,4g = TDF/3TC (120/60) + EFV (200mg),ART Regimen,,,
6ed47806-8809-4c5a-a1b6-fe2ec0158563,,4h = TDF/FTC/EFV,,4h = TDF/FTC/EFV,ART Regimen,,,
f6b1c6ea-b0a2-46a0-b7e0-3038d268356c,,4i = ABC/3TC +LPV/r,,4i = ABC/3TC +LPV/r,ART Regimen,,,
2e1ab9d3-7fe1-48ba-a12c-fd8d26bc161d,,4J = AZT/3TC (60/30)+LPV/r,,4J = AZT/3TC (60/30)+LPV/r,ART Regimen,,,
99f54f96-e761-4d86-bb1b-0abc2a24fa16,,4k = TDF/3TC+NVP,,4k = TDF/3TC+NVP,ART Regimen,,,
5287f2a4-23e5-4314-b60c-0a4b91753ec6,,4i = ABC/3TC +AZT,,4i = ABC/3TC +AZT,ART Regimen,,,
b23cf614-dfec-48c9-a12f-ba577e28347d,,5a = AZT/3TC+LPV/r,,5a = AZT/3TC+LPV/r,ART Regimen,,,
dabc93c3-8c3d-41e1-b3e3-d7e14c4765b6,,5b = AZT/3TC +RAL,,5b = AZT/3TC +RAL,ART Regimen,,,
da3c6710-c431-4582-a444-a466d54693ec,,5c = ABC/3TC (120/60) + RAL,,5c = ABC/3TC (120/60) + RAL,ART Regimen,,,
6c383d11-2b29-4cc2-bfa4-811ff7a988f1,,5d = AZT/3TC +ATV/r,,5d = AZT/3TC +ATV/r,ART Regimen,,,
82725d14-00c6-4864-bf8b-ad5db0b3c3fa,,5e = ABC/3TC + ATV/r,,5e = ABC/3TC + ATV/r,ART Regimen,,,
140ede93-5691-463b-9d17-2dc8834621f8,,5f = TDF/3TC + ATV/r,,5f = TDF/3TC + ATV/r,ART Regimen,,,
06017ac1-2ce8-4689-a3bf-4e9f3d54978f,,5g = AZT/3TC +DTG,,5g = AZT/3TC +DTG,ART Regimen,,,
2c0a5b91-7b2a-4f8e-86fd-a8007841fca8,,5h = ABC/3TC + DTG*,,5h = ABC/3TC + DTG*,ART Regimen,,,
50b60d77-186d-4a0d-8784-659ee2d60ec9,,5i = ABC/3TC +LPV/r,,5i = ABC/3TC +LPV/r,ART Regimen,,,
9286a105-8266-405b-a35a-a458d3a4c3d8,,2HRZE/4RH,,2HRZE/4RH,,,,
ddd4b2d1-014e-4c8d-87d9-37de3685e37a,,2SHRZE/1HRZE/5RH,,2SHRZE/1HRZE/5RH,,,,
60388cf0-25df-4148-9e34-6ddd9e988323,,2HRZE/10RH,,2HRZE/10RH,,,,
d02b83cd-eaff-4015-a434-01406239c298,,4 Am-Mfx-Pto-Clz-Z-H high-dose-E/5 Mfx-Cfx-Cfz-Z-E,,4 Am-Mfx-Pto-Clz-Z-H high-dose-E/5 Mfx-Cfx-Cfz-Z-E,,,,
44209b47-f2d4-412b-991b-2cdd076f9361,,Dapsone,,Dapsone,Dapsone Drugs,,,
2bd89d11-3fae-41fb-b44c-4ef896205563,yes,CTX,,CTX,Dapsone/CTX,,,
32681258-b662-496c-b5a2-51077f0d890c,,IPT,,IPT,TB Drug,,,
4aa90dd4-5049-46c2-805b-0bf532f303b0,,CTX (120mg),,CTX (120mg),CTX Drug,,,
14e32f50-88cd-48eb-8c3e-9292bfc6ee96,,CTX (480mg),,CTX (480mg),CTX Drug,,,
343bd4e4-a5db-461f-b2a2-d18452305671,,CTX (960mg),,CTX (960mg),CTX Drug,,,
d9863f4f-0dd0-456a-9d83-5466c5851915,,ABC/3TC+DTG,,ABC/3TC+DTG,ART Regimen,,,
7e2265a4-7260-4796-b627-4ad94033f383,,TDF/3TC/DTG,,TDF/3TC/DTG,ART Regimen,,,
9593e1b0-5c8c-44ff-ab06-0769396ab19c,yes,LPV/r,,LPV/r,ART Regimen,,,
f2744208-2187-11ea-978f-2e728ce88125,,AZT+NVP,,AZT+NVP,ART Regimen,,,
4f39254b-dfe7-4a42-82f9-0052bf9b5e70,,AZT+3TC+LPV/r,,AZT+3TC+LPV/r,ART Regimen,,,
ea30af59-cea5-431c-aef2-b42366c272de,,AZT+3TC+NVP,,AZT+3TC+NVP,ART Regimen,,,
31130f2b-524d-4c26-a2a4-05d7c3bb9f33,,ABC+3TC+LPV/r,,ABC+3TC+LPV/r,ART Regimen,,,
19daabc4-057e-4ab7-b58b-c51d3fb6de01,,ABC+3TC+EFV,,ABC+3TC+EFV,ART Regimen,,,
192573f6-1bbb-45ac-84e6-cd6aebc6ea9e,,AZT+3TC+RAL,,AZT+3TC+RAL,ART Regimen,,,
22cbf310-9a1e-4b49-8ba2-2c4a3810ae67,,ABC+3TC+RAL,,ABC+3TC+RAL,ART Regimen,,,
60a5990d-8f4d-4320-ae4b-452e79fb334c,,AZT+3TC+EFV,,AZT+3TC+EFV,ART Regimen,,,
e071d3a4-28e3-409d-97a5-89cc039d2afb,,ABC+3TC+DTG,,ABC+3TC+DTG,ART Regimen,,,
6d8fca22-3acd-42c3-b022-0ad418cf34be,,TDF+3TC+DTG,,TDF+3TC+DTG,ART Regimen,,,
057a59b0-19e1-43c5-9680-8defc05ed54f,,AZT/3TC+EFV,,AZT/3TC+EFV,ART Regimen,,,
976555d1-5fde-4eb5-81d9-8e1baf5d159d,,ABC/3TC+LPV/r,,ABC/3TC+LPV/r,ART Regimen,,,
431f224d-e718-46fe-997e-909b8f19b178,,ABC/3TC+AZT,,ABC/3TC+AZT,ART Regimen,,,
061160e0-ca02-455e-9642-b6326cd54584,,ABC/3TC+LPV/r+RTV,,ABC/3TC+LPV/r+RTV,ART Regimen,,,
c2d14a27-7b96-4529-bece-48a87e85fb86,,ABC/3TC+double dose DTG*,,ABC/3TC+double dose DTG*,ART Regimen,,,
c0636109-3ff1-4b0a-b4e7-357ebd0afc66,,ABC/3TC+EFV,,ABC/3TC+EFV,ART Regimen,,,