Uuid,Void/Retire,Frequency per day,Concept frequency,_version:1,_order:7000
136ebdb7-e989-47cf-8ec2-4e8b2ffe0ab3,,1,Once daily,,
af7c1fe6-d669-414e-b066-e9733f0de7a8,,12,Every two hours,,
08c71152-c552-42e7-b094-f510ff44e9cb,,2,Twice daily,,
136ebdb7-e989-47cf-8ec6-4e8b2ffe0ab5,,3,Thrice daily,,
136ebdb7-e989-47ct-8ec2-4e8b6ffe0ab1,,4,Every six hours,,
136ebdb1-e984-47cf-8ec2-4e6b2ffe0ab8,,6,Every four hours,,
336ebdb5-e985-47cf-8mc2-4e8b2ffe0a83,,8,Every three hours,,
736ebdb7-9989-47cf-8ec2-4e8b2ffe0ab2,,2,Every twelve hours,,
636ebdb4-e988-37cf-8ec2-4e9b2ffe8ab3,,24,Every hour,,